{
  "overall": {
    "precision": 0.8973625140291807,
    "recall": 0.7708333333333334,
    "f1": 0.8017640220573949,
    "num_samples": 144.0
  },
  "class": {
    "computer-vision": {
      "precision": 1.0,
      "recall": 0.7037037037037037,
      "f1": 0.8260869565217391,
      "num_samples": 54.0
    },
    "mlops": {
      "precision": 0.9090909090909091,
      "recall": 0.8333333333333334,
      "f1": 0.8695652173913043,
      "num_samples": 12.0
    },
    "natural-language-processing": {
      "precision": 0.9777777777777777,
      "recall": 0.7586206896551724,
      "f1": 0.854368932038835,
      "num_samples": 58.0
    },
    "other": {
      "precision": 0.38,
      "recall": 0.95,
      "f1": 0.5428571428571428,
      "num_samples": 20.0
    }
  },
  "slices": {
    "nlp_cnn": {
      "precision": 1.0,
      "recall": 1.0,
      "f1": 1.0,
      "num_samples": 1
    },
    "short_text": {
      "precision": 0.8,
      "recall": 0.8,
      "f1": 0.8000000000000002,
      "num_samples": 5
    }
  }
}