{
  "overall": {
    "precision": 0.9164966977466977,
    "recall": 0.8263888888888888,
    "f1": 0.8462351045012335,
    "num_samples": 144.0
  },
  "class": {
    "computer-vision": {
      "precision": 1.0,
      "recall": 0.7222222222222222,
      "f1": 0.8387096774193548,
      "num_samples": 54.0
    },
    "mlops": {
      "precision": 1.0,
      "recall": 0.75,
      "f1": 0.8571428571428571,
      "num_samples": 12.0
    },
    "natural-language-processing": {
      "precision": 0.9807692307692307,
      "recall": 0.8793103448275862,
      "f1": 0.9272727272727272,
      "num_samples": 58.0
    },
    "other": {
      "precision": 0.45454545454545453,
      "recall": 1.0,
      "f1": 0.625,
      "num_samples": 20.0
    }
  },
  "slices": {
    "nlp_cnn": {
      "precision": 1.0,
      "recall": 1.0,
      "f1": 1.0,
      "num_samples": 1
    },
    "short_text": {
      "precision": 0.8,
      "recall": 0.8,
      "f1": 0.8000000000000002,
      "num_samples": 5
    }
  }
}