{
  "overall": {
    "precision": 0.9181110136024571,
    "recall": 0.8333333333333334,
    "f1": 0.8515054993549618,
    "num_samples": 144.0
  },
  "class": {
    "computer-vision": {
      "precision": 1.0,
      "recall": 0.7222222222222222,
      "f1": 0.8387096774193548,
      "num_samples": 54.0
    },
    "mlops": {
      "precision": 1.0,
      "recall": 0.75,
      "f1": 0.8571428571428571,
      "num_samples": 12.0
    },
    "natural-language-processing": {
      "precision": 0.9811320754716981,
      "recall": 0.896551724137931,
      "f1": 0.9369369369369369,
      "num_samples": 58.0
    },
    "other": {
      "precision": 0.46511627906976744,
      "recall": 1.0,
      "f1": 0.6349206349206349,
      "num_samples": 20.0
    }
  },
  "slices": {
    "nlp_cnn": {
      "precision": 1.0,
      "recall": 1.0,
      "f1": 1.0,
      "num_samples": 1
    },
    "short_text": {
      "precision": 0.8,
      "recall": 0.8,
      "f1": 0.8000000000000002,
      "num_samples": 5
    }
  }
}