{
  "overall": {
    "precision": 0.9214975845410627,
    "recall": 0.8194444444444444,
    "f1": 0.8430621714671894,
    "num_samples": 144.0
  },
  "class": {
    "computer-vision": {
      "precision": 1.0,
      "recall": 0.7222222222222222,
      "f1": 0.8387096774193548,
      "num_samples": 54.0
    },
    "mlops": {
      "precision": 1.0,
      "recall": 0.75,
      "f1": 0.8571428571428571,
      "num_samples": 12.0
    },
    "natural-language-processing": {
      "precision": 1.0,
      "recall": 0.8620689655172413,
      "f1": 0.9259259259259259,
      "num_samples": 58.0
    },
    "other": {
      "precision": 0.43478260869565216,
      "recall": 1.0,
      "f1": 0.6060606060606061,
      "num_samples": 20.0
    }
  },
  "slices": {
    "nlp_cnn": {
      "precision": 1.0,
      "recall": 1.0,
      "f1": 1.0,
      "num_samples": 1
    },
    "short_text": {
      "precision": 0.8,
      "recall": 0.8,
      "f1": 0.8000000000000002,
      "num_samples": 5
    }
  }
}